{"cameraMode":{"drawMode":0,"name":"Shaded","section":"Shading Mode"},"sceneLighting":true,"audioPlay":false,"sceneViewState":{"showFog":true,"showMaterialUpdate":true,"showSkybox":true,"showFlares":true,"showImageEffects":true,"showParticleSystems":true},"in2DMode":false,"pivot":{"x":-6.151209354400635,"y":4.166011810302734,"z":2.5813751220703127},"rotation":{"x":-0.08695867657661438,"y":-0.899556040763855,"z":0.37325188517570498,"w":-0.20957571268081666},"size":20.868083953857423,"orthographic":false}