{"cameraMode":{"drawMode":0,"name":"Shaded","section":"Shading Mode"},"sceneLighting":true,"audioPlay":false,"sceneViewState":{"showFog":true,"showMaterialUpdate":true,"showSkybox":true,"showFlares":true,"showImageEffects":true,"showParticleSystems":true},"in2DMode":false,"pivot":{"x":-0.19554123282432557,"y":0.48197034001350405,"z":-0.38419753313064577},"rotation":{"x":-0.15418589115142823,"y":0.009480811655521393,"z":-0.0014816372422501445,"w":-0.9880045652389526},"size":1.9139809608459473,"orthographic":false}